k_lens,O,A,B,B1,C,D,D1,F,G
0.21,32.0513234308695,32.45237063150677,33.36350206739672,33.606826641979524,35.095812551253346,36.59748679474836,36.617873682922436,36.64199951100437,36.664757694857144
0.3,32.161192366758314,32.56685922467153,33.535421027937275,33.741210725900146,35.004028057718415,36.58974634667811,36.610536131350955,36.635135724971406,36.658334818666276
0.4,32.249655400423705,32.65904980832789,33.674140210416965,33.849861324745746,34.93062106423997,36.583573786102306,36.604684807108754,36.62966215606315,36.65321283520751
0.544,32.33986485598331,32.75306946565763,33.81593645182522,33.96115684504019,34.856375084425,36.577348593416275,36.598783530811374,36.624141802955364,36.64804704815697
