k_lens,O,A,B,B1,C,D,D1,F,G
0.21,33.354813886360205,33.79126009212172,34.776573808624505,34.972404131407586,36.11749378707884,36.87535190046884,36.881513123226,36.88877935639346,36.89580732196379
0.3,33.39514156792882,33.834155127535155,34.87275973300086,35.04449422367895,36.06918225975545,36.87425672860729,36.88047530390196,36.887808286705024,36.89489889148081
0.4,33.430737956301016,33.87201965649592,34.95755753456331,35.108575120278715,36.02630643340484,36.87329705446183,36.87956587950896,36.88695734720068,36.89410283934535
0.544,33.47030727348033,33.914112915893384,35.05170759148638,35.180340106441975,35.9783940083459,36.872238872335345,36.878563096381015,36.8860190443678,36.893225055487164
