k_lens,O,A,B,B1,C,D,D1,F,G
0.21,33.38615909529187,33.83210702443432,34.82554785058437,35.02317639718376,36.11537513356717,36.87536904948689,36.88160282373934,36.88892799606651,36.89598353204417
0.3,33.42275234160218,33.87065520738656,34.91512299763531,35.089209481818614,36.070810571457514,36.8744199831761,36.8807040914503,36.88808758115033,36.895197590815826
0.4,33.45548098124391,33.90513030567274,34.99493655648877,35.148604650195296,36.03095550770888,36.873578334272395,36.879907067625425,36.887342263549385,36.89450057828361
0.544,33.49235002670861,33.943964561899065,35.084505190710104,35.21590568302872,35.98612625506172,36.87263939226909,36.87901789393942,36.88651075964077,36.893722959391255
