k_lens,O,A,B,B1,C,D,D1,F,G,OK,AK,BK,B1K,CK,DK,D1K,FK,GK
0.21,32.0513234308695,32.45237063150677,33.36350206739672,33.606826641979524,35.095812551253346,36.59748679474836,36.61787368292244,36.64199951100437,36.66475769485714,305.2013234308695,305.60237063150674,306.5135020673967,306.7568266419795,308.2458125512533,309.74748679474834,309.7678736829224,309.79199951100435,309.8147576948571
0.3,32.161192366758314,32.56685922467153,33.535421027937275,33.741210725900146,35.004028057718415,36.58974634667811,36.61053613135096,36.635135724971406,36.65833481866628,305.3111923667583,305.7168592246715,306.68542102793725,306.8912107259001,308.1540280577184,309.7397463466781,309.76053613135093,309.7851357249714,309.80833481866625
0.4,32.249655400423705,32.65904980832789,33.674140210416965,33.849861324745746,34.93062106423997,36.58357378610231,36.604684807108754,36.62966215606315,36.65321283520751,305.3996554004237,305.80904980832787,306.82414021041694,306.9998613247457,308.08062106423995,309.7335737861023,309.75468480710873,309.7796621560631,309.8032128352075
0.544,32.33986485598331,32.75306946565763,33.81593645182522,33.96115684504019,34.856375084425,36.57734859341628,36.598783530811374,36.62414180295536,36.64804704815697,305.4898648559833,305.9030694656576,306.9659364518252,307.11115684504017,308.006375084425,309.72734859341625,309.74878353081135,309.77414180295534,309.79804704815695
