k_lens,O,A,B,B1,C,D,D1,F,G,OK,AK,BK,B1K,CK,DK,D1K,FK,GK
0.21,33.38797693826848,33.82557084885326,34.81313639243547,35.0136553580943,36.111229896081966,36.87203174968414,36.87822408385529,36.88558384801706,36.892815331692816,306.53797693826846,306.97557084885324,307.96313639243544,308.1636553580943,309.26122989608194,310.0220317496841,310.02822408385526,310.03558384801704,310.0428153316928
0.3,33.42441934517467,33.864424567959475,34.904365105466525,35.080388922707414,36.065925733536574,36.87105424342542,36.87729676164992,36.884715349383896,36.89200286324154,306.57441934517465,307.01442456795945,308.0543651054665,308.2303889227074,309.21592573353655,310.0210542434254,310.0272967616499,310.0347153493839,310.0420028632415
0.4,33.45693188872116,33.899085361760626,34.985363550459795,35.140295175999086,36.02553323953299,36.87018989095554,36.8764767715042,36.88394736220624,36.89128441688683,306.60693188872114,307.0490853617606,308.1353635504598,308.29029517599906,309.17553323953297,310.0201898909555,310.0264767715042,310.0339473622062,310.0412844168868
0.544,33.4934668857594,33.93803111733342,35.07593149962173,35.20804897510823,35.980228724469384,36.86922842097499,36.87556463242584,36.88309305471665,36.89048521220337,306.6434668857594,307.0880311173334,308.2259314996217,308.3580489751082,309.13022872446936,310.01922842097497,310.0255646324258,310.03309305471663,310.04048521220335
