k_lens,O,A,B,B1,C,D,D1,F,G
0.21,33.38797693826848,33.82557084885326,34.81313639243547,35.0136553580943,36.111229896081966,36.87203174968414,36.87822408385529,36.88558384801706,36.892815331692816
0.3,33.42441934517467,33.864424567959475,34.904365105466525,35.080388922707414,36.065925733536574,36.87105424342542,36.877296761649916,36.884715349383896,36.892002863241544
0.4,33.45693188872116,33.899085361760626,34.985363550459795,35.140295175999086,36.02553323953299,36.870189890955544,36.8764767715042,36.88394736220624,36.89128441688683
0.544,33.4934668857594,33.93803111733342,35.07593149962173,35.20804897510823,35.980228724469384,36.86922842097499,36.875564632425835,36.88309305471665,36.89048521220337
